id,id_index,kode_provinsi,nama_provinsi,bidang_usaha,modal_usaha__triliun_rp_,periode_update,satuan,tahun
1,11,35,JAWA TIMUR,"TANAMAN PANGAN, PERKEBUNAN, DAN   PETERNAKAN","0,07",2023-Q1,TRILIUN RUPIAH,2023
2,22,35,JAWA TIMUR,KEHUTANAN,"0,00",2023-Q1,TRILIUN RUPIAH,2023
3,33,35,JAWA TIMUR,PERIKANAN,"0,01",2023-Q1,TRILIUN RUPIAH,2023
4,44,35,JAWA TIMUR,PERTAMBANGAN,"0,04",2023-Q1,TRILIUN RUPIAH,2023
5,55,35,JAWA TIMUR,INDUSTRI MAKANAN,"0,20",2023-Q1,TRILIUN RUPIAH,2023
6,66,35,JAWA TIMUR,INDUSTRI TEKSTIL,"0,03",2023-Q1,TRILIUN RUPIAH,2023
7,77,35,JAWA TIMUR,INDUSTRI BARANG DARI KULIT DAN   ALAS KAKI,"0,01",2023-Q1,TRILIUN RUPIAH,2023
8,88,35,JAWA TIMUR,INDUSTRI KAYU,"0,03",2023-Q1,TRILIUN RUPIAH,2023
9,99,35,JAWA TIMUR,INDUSTRI KERTAS DAN PERCETAKAN,"0,04",2023-Q1,TRILIUN RUPIAH,2023
10,1010,35,JAWA TIMUR,INDUSTRI KIMIA DAN FARMASI,"0,08",2023-Q1,TRILIUN RUPIAH,2023
11,1111,35,JAWA TIMUR,INDUSTRI KARET DAN PLASTIK,"0,04",2023-Q1,TRILIUN RUPIAH,2023
12,1212,35,JAWA TIMUR,INDUSTRI MINERAL NON LOGAM,"0,03",2023-Q1,TRILIUN RUPIAH,2023
13,1313,35,JAWA TIMUR,"INDUSTRI LOGAM DASAR, BARANG   LOGAM, BUKAN MESIN DAN PERALATANNYA","0,04",2023-Q1,TRILIUN RUPIAH,2023
14,1414,35,JAWA TIMUR,"INDUSTRI  MESIN, ELEKTRONIK, INSTRUMEN KEDOKTERAN,   PERALATAN LISTRIK, PRESISI, OPTIK DAN JAM","0,02",2023-Q1,TRILIUN RUPIAH,2023
15,1515,35,JAWA TIMUR,INDUSTRI KENDARAAN BERMOTOR DAN   ALAT TRANSPORTASI LAIN,"0,01",2023-Q1,TRILIUN RUPIAH,2023
16,1616,35,JAWA TIMUR,INDUSTRI LAINNYA,"0,04",2023-Q1,TRILIUN RUPIAH,2023
17,1717,35,JAWA TIMUR,"LISTRIK, GAS DAN AIR","0,01",2023-Q1,TRILIUN RUPIAH,2023
18,1818,35,JAWA TIMUR,KONSTRUKSI,"0,80",2023-Q1,TRILIUN RUPIAH,2023
19,1919,35,JAWA TIMUR,PERDAGANGAN DAN REPARASI,"0,93",2023-Q1,TRILIUN RUPIAH,2023
20,2020,35,JAWA TIMUR,HOTEL DAN RESTORAN,"0,64",2023-Q1,TRILIUN RUPIAH,2023
21,2121,35,JAWA TIMUR,"TRANSPORTASI, GUDANG DAN   TELEKOMUNIKASI","0,27",2023-Q1,TRILIUN RUPIAH,2023
22,2222,35,JAWA TIMUR,"PERUMAHAN, KAWASAN INDUSTRI DAN   PERKANTORAN","0,13",2023-Q1,TRILIUN RUPIAH,2023
23,2323,35,JAWA TIMUR,JASA LAINNYA,"1,52",2023-Q1,TRILIUN RUPIAH,2023
24,2424,35,JAWA TIMUR,"TANAMAN PANGAN, PERKEBUNAN, DAN   PETERNAKAN","0,08",2023-Q2,TRILIUN RUPIAH,2023
25,2525,35,JAWA TIMUR,KEHUTANAN,"0,01",2023-Q2,TRILIUN RUPIAH,2023
26,2626,35,JAWA TIMUR,PERIKANAN,"0,03",2023-Q2,TRILIUN RUPIAH,2023
27,2727,35,JAWA TIMUR,PERTAMBANGAN,"0,06",2023-Q2,TRILIUN RUPIAH,2023
28,2828,35,JAWA TIMUR,INDUSTRI MAKANAN,"0,14",2023-Q2,TRILIUN RUPIAH,2023
29,2929,35,JAWA TIMUR,INDUSTRI TEKSTIL,"0,01",2023-Q2,TRILIUN RUPIAH,2023
30,3030,35,JAWA TIMUR,INDUSTRI BARANG DARI KULIT DAN   ALAS KAKI,"0,00",2023-Q2,TRILIUN RUPIAH,2023
31,3131,35,JAWA TIMUR,INDUSTRI KAYU,"0,03",2023-Q2,TRILIUN RUPIAH,2023
32,3232,35,JAWA TIMUR,INDUSTRI KERTAS DAN PERCETAKAN,"0,04",2023-Q2,TRILIUN RUPIAH,2023
33,3333,35,JAWA TIMUR,INDUSTRI KIMIA DAN FARMASI,"0,02",2023-Q2,TRILIUN RUPIAH,2023
34,3434,35,JAWA TIMUR,INDUSTRI KARET DAN PLASTIK,"0,02",2023-Q2,TRILIUN RUPIAH,2023
35,3535,35,JAWA TIMUR,INDUSTRI MINERAL NON LOGAM,"0,01",2023-Q2,TRILIUN RUPIAH,2023
36,3636,35,JAWA TIMUR,"INDUSTRI LOGAM DASAR, BARANG   LOGAM, BUKAN MESIN DAN PERALATANNYA","0,03",2023-Q2,TRILIUN RUPIAH,2023
37,3737,35,JAWA TIMUR,"INDUSTRI  MESIN, ELEKTRONIK, INSTRUMEN KEDOKTERAN,   PERALATAN LISTRIK, PRESISI, OPTIK DAN JAM","0,00",2023-Q2,TRILIUN RUPIAH,2023
38,3838,35,JAWA TIMUR,INDUSTRI KENDARAAN BERMOTOR DAN   ALAT TRANSPORTASI LAIN,"0,01",2023-Q2,TRILIUN RUPIAH,2023
39,3939,35,JAWA TIMUR,INDUSTRI LAINNYA,"0,03",2023-Q2,TRILIUN RUPIAH,2023
40,4040,35,JAWA TIMUR,"LISTRIK, GAS DAN AIR","0,01",2023-Q2,TRILIUN RUPIAH,2023
41,4141,35,JAWA TIMUR,KONSTRUKSI,"0,55",2023-Q2,TRILIUN RUPIAH,2023
42,4242,35,JAWA TIMUR,PERDAGANGAN DAN REPARASI,"0,58",2023-Q2,TRILIUN RUPIAH,2023
43,4343,35,JAWA TIMUR,HOTEL DAN RESTORAN,"0,42",2023-Q2,TRILIUN RUPIAH,2023
44,4444,35,JAWA TIMUR,"TRANSPORTASI, GUDANG DAN   TELEKOMUNIKASI","0,16",2023-Q2,TRILIUN RUPIAH,2023
45,4545,35,JAWA TIMUR,"PERUMAHAN, KAWASAN INDUSTRI DAN   PERKANTORAN","0,14",2023-Q2,TRILIUN RUPIAH,2023
46,4646,35,JAWA TIMUR,JASA LAINNYA,"1,00",2023-Q2,TRILIUN RUPIAH,2023
47,4747,35,JAWA TIMUR,"TANAMAN PANGAN, PERKEBUNAN, DAN   PETERNAKAN","0,04",2023-Q3,TRILIUN RUPIAH,2023
48,4848,35,JAWA TIMUR,KEHUTANAN,"0,00",2023-Q3,TRILIUN RUPIAH,2023
49,4949,35,JAWA TIMUR,PERIKANAN,"0,02",2023-Q3,TRILIUN RUPIAH,2023
50,5050,35,JAWA TIMUR,PERTAMBANGAN,"0,03",2023-Q3,TRILIUN RUPIAH,2023
51,5151,35,JAWA TIMUR,INDUSTRI MAKANAN,"0,14",2023-Q3,TRILIUN RUPIAH,2023
52,5252,35,JAWA TIMUR,INDUSTRI TEKSTIL,"0,01",2023-Q3,TRILIUN RUPIAH,2023
53,5353,35,JAWA TIMUR,INDUSTRI BARANG DARI KULIT DAN   ALAS KAKI,"0,00",2023-Q3,TRILIUN RUPIAH,2023
54,5454,35,JAWA TIMUR,INDUSTRI KAYU,"0,04",2023-Q3,TRILIUN RUPIAH,2023
55,5555,35,JAWA TIMUR,INDUSTRI KERTAS DAN PERCETAKAN,"0,02",2023-Q3,TRILIUN RUPIAH,2023
56,5656,35,JAWA TIMUR,INDUSTRI KIMIA DAN FARMASI,"0,02",2023-Q3,TRILIUN RUPIAH,2023
57,5757,35,JAWA TIMUR,INDUSTRI KARET DAN PLASTIK,"0,04",2023-Q3,TRILIUN RUPIAH,2023
58,5858,35,JAWA TIMUR,INDUSTRI MINERAL NON LOGAM,"0,01",2023-Q3,TRILIUN RUPIAH,2023
59,5959,35,JAWA TIMUR,"INDUSTRI LOGAM DASAR, BARANG   LOGAM, BUKAN MESIN DAN PERALATANNYA","0,02",2023-Q3,TRILIUN RUPIAH,2023
60,6060,35,JAWA TIMUR,"INDUSTRI  MESIN, ELEKTRONIK, INSTRUMEN KEDOKTERAN,   PERALATAN LISTRIK, PRESISI, OPTIK DAN JAM","0,00",2023-Q3,TRILIUN RUPIAH,2023
61,6161,35,JAWA TIMUR,INDUSTRI KENDARAAN BERMOTOR DAN   ALAT TRANSPORTASI LAIN,"0,00",2023-Q3,TRILIUN RUPIAH,2023
62,6262,35,JAWA TIMUR,INDUSTRI LAINNYA,"0,02",2023-Q3,TRILIUN RUPIAH,2023
63,6363,35,JAWA TIMUR,"LISTRIK, GAS DAN AIR","0,01",2023-Q3,TRILIUN RUPIAH,2023
64,6464,35,JAWA TIMUR,KONSTRUKSI,"0,29",2023-Q3,TRILIUN RUPIAH,2023
65,6565,35,JAWA TIMUR,PERDAGANGAN DAN REPARASI,"0,53",2023-Q3,TRILIUN RUPIAH,2023
66,6666,35,JAWA TIMUR,HOTEL DAN RESTORAN,"0,33",2023-Q3,TRILIUN RUPIAH,2023
67,6767,35,JAWA TIMUR,"TRANSPORTASI, GUDANG DAN   TELEKOMUNIKASI","0,16",2023-Q3,TRILIUN RUPIAH,2023
68,6868,35,JAWA TIMUR,"PERUMAHAN, KAWASAN INDUSTRI DAN   PERKANTORAN","0,07",2023-Q3,TRILIUN RUPIAH,2023
69,6969,35,JAWA TIMUR,JASA LAINNYA,"0,74",2023-Q3,TRILIUN RUPIAH,2023
70,7070,35,JAWA TIMUR,"TANAMAN PANGAN, PERKEBUNAN, DAN PETERNAKAN","0,10",2023-Q4,TRILIUN RUPIAH,2023
71,7171,35,JAWA TIMUR,KEHUTANAN,"0,01",2023-Q4,TRILIUN RUPIAH,2023
72,7272,35,JAWA TIMUR,PERIKANAN,"0,03",2023-Q4,TRILIUN RUPIAH,2023
73,7373,35,JAWA TIMUR,PERTAMBANGAN,"0,06",2023-Q4,TRILIUN RUPIAH,2023
74,7474,35,JAWA TIMUR,INDUSTRI MAKANAN,"0,18",2023-Q4,TRILIUN RUPIAH,2023
75,7575,35,JAWA TIMUR,INDUSTRI TEKSTIL,"0,01",2023-Q4,TRILIUN RUPIAH,2023
76,7676,35,JAWA TIMUR,INDUSTRI BARANG DARI KULIT DAN ALAS KAKI,"0,00",2023-Q4,TRILIUN RUPIAH,2023
77,7777,35,JAWA TIMUR,INDUSTRI KAYU,"0,03",2023-Q4,TRILIUN RUPIAH,2023
78,7878,35,JAWA TIMUR,INDUSTRI KERTAS DAN PERCETAKAN,"0,02",2023-Q4,TRILIUN RUPIAH,2023
79,7979,35,JAWA TIMUR,INDUSTRI KIMIA DAN FARMASI,"0,04",2023-Q4,TRILIUN RUPIAH,2023
80,8080,35,JAWA TIMUR,INDUSTRI KARET DAN PLASTIK,"0,03",2023-Q4,TRILIUN RUPIAH,2023
81,8181,35,JAWA TIMUR,INDUSTRI MINERAL NON LOGAM,"0,00",2023-Q4,TRILIUN RUPIAH,2023
82,8282,35,JAWA TIMUR,"INDUSTRI LOGAM DASAR, BARANG LOGAM, BUKAN MESIN DAN   PERALATANNYA","0,01",2023-Q4,TRILIUN RUPIAH,2023
83,8383,35,JAWA TIMUR,"INDUSTRI  MESIN,   ELEKTRONIK, INSTRUMEN KEDOKTERAN, PERALATAN LISTRIK, PRESISI, OPTIK DAN JAM","0,01",2023-Q4,TRILIUN RUPIAH,2023
84,8484,35,JAWA TIMUR,INDUSTRI KENDARAAN BERMOTOR DAN ALAT TRANSPORTASI LAIN,"0,00",2023-Q4,TRILIUN RUPIAH,2023
85,8585,35,JAWA TIMUR,INDUSTRI LAINNYA,"0,03",2023-Q4,TRILIUN RUPIAH,2023
86,8686,35,JAWA TIMUR,"LISTRIK, GAS DAN AIR","0,00",2023-Q4,TRILIUN RUPIAH,2023
87,8787,35,JAWA TIMUR,KONSTRUKSI,"0,26",2023-Q4,TRILIUN RUPIAH,2023
88,8888,35,JAWA TIMUR,PERDAGANGAN DAN REPARASI,"0,60",2023-Q4,TRILIUN RUPIAH,2023
89,8989,35,JAWA TIMUR,HOTEL DAN RESTORAN,"0,41",2023-Q4,TRILIUN RUPIAH,2023
90,9090,35,JAWA TIMUR,"TRANSPORTASI, GUDANG DAN TELEKOMUNIKASI","0,14",2023-Q4,TRILIUN RUPIAH,2023
91,9191,35,JAWA TIMUR,"PERUMAHAN, KAWASAN INDUSTRI DAN PERKANTORAN","0,14",2023-Q4,TRILIUN RUPIAH,2023
92,9292,35,JAWA TIMUR,JASA LAINNYA,"1,10",2023-Q4,TRILIUN RUPIAH,2023
93,9393,35,JAWA TIMUR,"TANAMAN PANGAN, PERKEBUNAN, DAN   PETERNAKAN","0,10",2024-Q1,TRILIUN RUPIAH,2024
94,9494,35,JAWA TIMUR,KEHUTANAN,"0,01",2024-Q1,TRILIUN RUPIAH,2024
95,9595,35,JAWA TIMUR,PERIKANAN,"0,04",2024-Q1,TRILIUN RUPIAH,2024
96,9696,35,JAWA TIMUR,PERTAMBANGAN,"0,05",2024-Q1,TRILIUN RUPIAH,2024
97,9797,35,JAWA TIMUR,INDUSTRI MAKANAN,"0,14",2024-Q1,TRILIUN RUPIAH,2024
98,9898,35,JAWA TIMUR,INDUSTRI TEKSTIL,"0,01",2024-Q1,TRILIUN RUPIAH,2024
99,9999,35,JAWA TIMUR,INDUSTRI BARANG DARI KULIT DAN   ALAS KAKI,"0,01",2024-Q1,TRILIUN RUPIAH,2024
100,100100,35,JAWA TIMUR,INDUSTRI KAYU,"0,02",2024-Q1,TRILIUN RUPIAH,2024
101,101101,35,JAWA TIMUR,INDUSTRI KERTAS DAN PERCETAKAN,"0,02",2024-Q1,TRILIUN RUPIAH,2024
102,102102,35,JAWA TIMUR,INDUSTRI KIMIA DAN FARMASI,"0,02",2024-Q1,TRILIUN RUPIAH,2024
103,103103,35,JAWA TIMUR,INDUSTRI KARET DAN PLASTIK,"0,01",2024-Q1,TRILIUN RUPIAH,2024
104,104104,35,JAWA TIMUR,INDUSTRI MINERAL NON LOGAM,"0,03",2024-Q1,TRILIUN RUPIAH,2024
105,105105,35,JAWA TIMUR,"INDUSTRI LOGAM DASAR, BARANG   LOGAM, BUKAN MESIN DAN PERALATANNYA","0,03",2024-Q1,TRILIUN RUPIAH,2024
106,106106,35,JAWA TIMUR,"INDUSTRI  MESIN, ELEKTRONIK, INSTRUMEN KEDOKTERAN,   PERALATAN LISTRIK, PRESISI, OPTIK DAN JAM","0,01",2024-Q1,TRILIUN RUPIAH,2024
107,107107,35,JAWA TIMUR,INDUSTRI KENDARAAN BERMOTOR DAN   ALAT TRANSPORTASI LAIN,"0,01",2024-Q1,TRILIUN RUPIAH,2024
108,108108,35,JAWA TIMUR,INDUSTRI LAINNYA,"0,02",2024-Q1,TRILIUN RUPIAH,2024
109,109109,35,JAWA TIMUR,"LISTRIK, GAS DAN AIR","0,01",2024-Q1,TRILIUN RUPIAH,2024
110,110110,35,JAWA TIMUR,KONSTRUKSI,"0,32",2024-Q1,TRILIUN RUPIAH,2024
111,111111,35,JAWA TIMUR,PERDAGANGAN DAN REPARASI,"0,64",2024-Q1,TRILIUN RUPIAH,2024
112,112112,35,JAWA TIMUR,HOTEL DAN RESTORAN,"0,47",2024-Q1,TRILIUN RUPIAH,2024
113,113113,35,JAWA TIMUR,"TRANSPORTASI, GUDANG DAN   TELEKOMUNIKASI","0,14",2024-Q1,TRILIUN RUPIAH,2024
114,114114,35,JAWA TIMUR,"PERUMAHAN, KAWASAN INDUSTRI DAN   PERKANTORAN","0,13",2024-Q1,TRILIUN RUPIAH,2024
115,115115,35,JAWA TIMUR,JASA LAINNYA,"0,97",2024-Q1,TRILIUN RUPIAH,2024
116,116116,35,JAWA TIMUR,"TANAMAN PANGAN, PERKEBUNAN, DAN   PETERNAKAN","0,04",2024-Q2,TRILIUN RUPIAH,2024
117,117117,35,JAWA TIMUR,KEHUTANAN,"0,00",2024-Q2,TRILIUN RUPIAH,2024
118,118118,35,JAWA TIMUR,PERIKANAN,"0,01",2024-Q2,TRILIUN RUPIAH,2024
119,119119,35,JAWA TIMUR,PERTAMBANGAN,"0,04",2024-Q2,TRILIUN RUPIAH,2024
120,120120,35,JAWA TIMUR,INDUSTRI MAKANAN,"0,15",2024-Q2,TRILIUN RUPIAH,2024
121,121121,35,JAWA TIMUR,INDUSTRI TEKSTIL,"0,00",2024-Q2,TRILIUN RUPIAH,2024
122,122122,35,JAWA TIMUR,INDUSTRI BARANG DARI KULIT DAN   ALAS KAKI,"0,01",2024-Q2,TRILIUN RUPIAH,2024
123,123123,35,JAWA TIMUR,INDUSTRI KAYU,"0,01",2024-Q2,TRILIUN RUPIAH,2024
124,124124,35,JAWA TIMUR,INDUSTRI KERTAS DAN PERCETAKAN,"0,01",2024-Q2,TRILIUN RUPIAH,2024
125,125125,35,JAWA TIMUR,INDUSTRI KIMIA DAN FARMASI,"0,03",2024-Q2,TRILIUN RUPIAH,2024
126,126126,35,JAWA TIMUR,INDUSTRI KARET DAN PLASTIK,"0,02",2024-Q2,TRILIUN RUPIAH,2024
127,127127,35,JAWA TIMUR,INDUSTRI MINERAL NON LOGAM,"0,02",2024-Q2,TRILIUN RUPIAH,2024
128,128128,35,JAWA TIMUR,"INDUSTRI LOGAM DASAR, BARANG   LOGAM, BUKAN MESIN DAN PERALATANNYA","0,02",2024-Q2,TRILIUN RUPIAH,2024
129,130129,35,JAWA TIMUR,"INDUSTRI  MESIN, ELEKTRONIK, INSTRUMEN KEDOKTERAN,   PERALATAN LISTRIK, PRESISI, OPTIK DAN JAM","0,01",2024-Q2,TRILIUN RUPIAH,2024
130,131130,35,JAWA TIMUR,INDUSTRI KENDARAAN BERMOTOR DAN   ALAT TRANSPORTASI LAIN,"0,00",2024-Q2,TRILIUN RUPIAH,2024
131,132131,35,JAWA TIMUR,INDUSTRI LAINNYA,"0,03",2024-Q2,TRILIUN RUPIAH,2024
132,133132,35,JAWA TIMUR,"LISTRIK, GAS DAN AIR","0,01",2024-Q2,TRILIUN RUPIAH,2024
133,134133,35,JAWA TIMUR,KONSTRUKSI,"0,22",2024-Q2,TRILIUN RUPIAH,2024
134,135134,35,JAWA TIMUR,PERDAGANGAN DAN REPARASI,"0,43",2024-Q2,TRILIUN RUPIAH,2024
135,136135,35,JAWA TIMUR,HOTEL DAN RESTORAN,"0,41",2024-Q2,TRILIUN RUPIAH,2024
136,137136,35,JAWA TIMUR,"TRANSPORTASI, GUDANG DAN   TELEKOMUNIKASI","0,12",2024-Q2,TRILIUN RUPIAH,2024
137,138137,35,JAWA TIMUR,"PERUMAHAN, KAWASAN INDUSTRI DAN   PERKANTORAN","0,14",2024-Q2,TRILIUN RUPIAH,2024
138,139138,35,JAWA TIMUR,JASA LAINNYA,"0,80",2024-Q2,TRILIUN RUPIAH,2024
139,140139,35,JAWA TIMUR,"TANAMAN PANGAN, PERKEBUNAN, DAN   PETERNAKAN","0,05",2024-Q3,TRILIUN RUPIAH,2024
140,141140,35,JAWA TIMUR,KEHUTANAN,"0,00",2024-Q3,TRILIUN RUPIAH,2024
141,142141,35,JAWA TIMUR,PERIKANAN,"0,02",2024-Q3,TRILIUN RUPIAH,2024
142,143142,35,JAWA TIMUR,PERTAMBANGAN,"0,03",2024-Q3,TRILIUN RUPIAH,2024
143,144143,35,JAWA TIMUR,INDUSTRI MAKANAN,"0,17",2024-Q3,TRILIUN RUPIAH,2024
144,145144,35,JAWA TIMUR,INDUSTRI TEKSTIL,"0,01",2024-Q3,TRILIUN RUPIAH,2024
145,146145,35,JAWA TIMUR,INDUSTRI BARANG DARI KULIT DAN   ALAS KAKI,"0,00",2024-Q3,TRILIUN RUPIAH,2024
146,147146,35,JAWA TIMUR,INDUSTRI KAYU,"0,04",2024-Q3,TRILIUN RUPIAH,2024
147,148147,35,JAWA TIMUR,INDUSTRI KERTAS DAN PERCETAKAN,"0,02",2024-Q3,TRILIUN RUPIAH,2024
148,149148,35,JAWA TIMUR,INDUSTRI KIMIA DAN FARMASI,"0,04",2024-Q3,TRILIUN RUPIAH,2024
149,150149,35,JAWA TIMUR,INDUSTRI KARET DAN PLASTIK,"0,03",2024-Q3,TRILIUN RUPIAH,2024
150,151150,35,JAWA TIMUR,INDUSTRI MINERAL NON LOGAM,"0,02",2024-Q3,TRILIUN RUPIAH,2024
151,152151,35,JAWA TIMUR,"INDUSTRI LOGAM DASAR, BARANG   LOGAM, BUKAN MESIN DAN PERALATANNYA","0,03",2024-Q3,TRILIUN RUPIAH,2024
152,153152,35,JAWA TIMUR,"INDUSTRI  MESIN, ELEKTRONIK, INSTRUMEN KEDOKTERAN,   PERALATAN LISTRIK, PRESISI, OPTIK DAN JAM","0,01",2024-Q3,TRILIUN RUPIAH,2024
153,154153,35,JAWA TIMUR,INDUSTRI KENDARAAN BERMOTOR DAN   ALAT TRANSPORTASI LAIN,"0,02",2024-Q3,TRILIUN RUPIAH,2024
154,155154,35,JAWA TIMUR,INDUSTRI LAINNYA,"0,03",2024-Q3,TRILIUN RUPIAH,2024
155,156155,35,JAWA TIMUR,"LISTRIK, GAS DAN AIR","0,00",2024-Q3,TRILIUN RUPIAH,2024
156,157156,35,JAWA TIMUR,KONSTRUKSI,"0,18",2024-Q3,TRILIUN RUPIAH,2024
157,158157,35,JAWA TIMUR,PERDAGANGAN DAN REPARASI,"0,56",2024-Q3,TRILIUN RUPIAH,2024
158,159158,35,JAWA TIMUR,HOTEL DAN RESTORAN,"0,46",2024-Q3,TRILIUN RUPIAH,2024
159,160159,35,JAWA TIMUR,"TRANSPORTASI, GUDANG DAN   TELEKOMUNIKASI","0,12",2024-Q3,TRILIUN RUPIAH,2024
160,161160,35,JAWA TIMUR,"PERUMAHAN, KAWASAN INDUSTRI DAN   PERKANTORAN","0,08",2024-Q3,TRILIUN RUPIAH,2024
161,162161,35,JAWA TIMUR,JASA LAINNYA,"1,21",2024-Q3,TRILIUN RUPIAH,2024
162,163162,35,JAWA TIMUR,"TANAMAN PANGAN, PERKEBUNAN, DAN   PETERNAKAN","0,04",2024-Q4,TRILIUN RUPIAH,2024
163,164163,35,JAWA TIMUR,KEHUTANAN,"0,00",2024-Q4,TRILIUN RUPIAH,2024
164,165164,35,JAWA TIMUR,PERIKANAN,"0,03",2024-Q4,TRILIUN RUPIAH,2024
165,166165,35,JAWA TIMUR,PERTAMBANGAN,"0,04",2024-Q4,TRILIUN RUPIAH,2024
166,167166,35,JAWA TIMUR,INDUSTRI MAKANAN,"0,12",2024-Q4,TRILIUN RUPIAH,2024
167,168167,35,JAWA TIMUR,INDUSTRI TEKSTIL,"0,01",2024-Q4,TRILIUN RUPIAH,2024
168,169168,35,JAWA TIMUR,INDUSTRI BARANG DARI KULIT DAN   ALAS KAKI,"0,00",2024-Q4,TRILIUN RUPIAH,2024
169,170169,35,JAWA TIMUR,INDUSTRI KAYU,"0,02",2024-Q4,TRILIUN RUPIAH,2024
170,171170,35,JAWA TIMUR,INDUSTRI KERTAS DAN PERCETAKAN,"0,01",2024-Q4,TRILIUN RUPIAH,2024
171,172171,35,JAWA TIMUR,INDUSTRI KIMIA DAN FARMASI,"0,04",2024-Q4,TRILIUN RUPIAH,2024
172,173172,35,JAWA TIMUR,INDUSTRI KARET DAN PLASTIK,"0,02",2024-Q4,TRILIUN RUPIAH,2024
173,174173,35,JAWA TIMUR,INDUSTRI MINERAL NON LOGAM,"0,01",2024-Q4,TRILIUN RUPIAH,2024
174,175174,35,JAWA TIMUR,"INDUSTRI LOGAM DASAR, BARANG   LOGAM, BUKAN MESIN DAN PERALATANNYA","0,03",2024-Q4,TRILIUN RUPIAH,2024
175,176175,35,JAWA TIMUR,"INDUSTRI  MESIN, ELEKTRONIK, INSTRUMEN KEDOKTERAN,   PERALATAN LISTRIK, PRESISI, OPTIK DAN JAM","0,00",2024-Q4,TRILIUN RUPIAH,2024
176,177176,35,JAWA TIMUR,INDUSTRI KENDARAAN BERMOTOR DAN   ALAT TRANSPORTASI LAIN,"0,00",2024-Q4,TRILIUN RUPIAH,2024
177,178177,35,JAWA TIMUR,INDUSTRI LAINNYA,"0,02",2024-Q4,TRILIUN RUPIAH,2024
178,179178,35,JAWA TIMUR,"LISTRIK, GAS DAN AIR","0,01",2024-Q4,TRILIUN RUPIAH,2024
179,180179,35,JAWA TIMUR,KONSTRUKSI,"0,11",2024-Q4,TRILIUN RUPIAH,2024
180,181180,35,JAWA TIMUR,PERDAGANGAN DAN REPARASI,"0,50",2024-Q4,TRILIUN RUPIAH,2024
181,182181,35,JAWA TIMUR,HOTEL DAN RESTORAN,"0,71",2024-Q4,TRILIUN RUPIAH,2024
182,183182,35,JAWA TIMUR,"TRANSPORTASI, GUDANG DAN   TELEKOMUNIKASI","0,11",2024-Q4,TRILIUN RUPIAH,2024
183,184183,35,JAWA TIMUR,"PERUMAHAN, KAWASAN INDUSTRI DAN   PERKANTORAN","0,13",2024-Q4,TRILIUN RUPIAH,2024
184,185184,35,JAWA TIMUR,JASA LAINNYA,"1,08",2024-Q4,TRILIUN RUPIAH,2024
185,186185,35,JAWA TIMUR,"TANAMAN PANGAN, PERKEBUNAN, DAN   PETERNAKAN","0,07",2025-Q1,TRILIUN RUPIAH,2025
186,187186,35,JAWA TIMUR,KEHUTANAN,"0,01",2025-Q1,TRILIUN RUPIAH,2025
187,188187,35,JAWA TIMUR,PERIKANAN,"0,01",2025-Q1,TRILIUN RUPIAH,2025
188,189188,35,JAWA TIMUR,PERTAMBANGAN,"0,03",2025-Q1,TRILIUN RUPIAH,2025
189,190189,35,JAWA TIMUR,INDUSTRI MAKANAN,"0,11",2025-Q1,TRILIUN RUPIAH,2025
190,191190,35,JAWA TIMUR,INDUSTRI TEKSTIL,"0,01",2025-Q1,TRILIUN RUPIAH,2025
191,192191,35,JAWA TIMUR,INDUSTRI BARANG DARI KULIT DAN   ALAS KAKI,"0,00",2025-Q1,TRILIUN RUPIAH,2025
192,193192,35,JAWA TIMUR,INDUSTRI KAYU,"0,01",2025-Q1,TRILIUN RUPIAH,2025
193,129193,35,JAWA TIMUR,INDUSTRI KERTAS DAN PERCETAKAN,"0,02",2025-Q1,TRILIUN RUPIAH,2025
194,194194,35,JAWA TIMUR,INDUSTRI KIMIA DAN FARMASI,"0,02",2025-Q1,TRILIUN RUPIAH,2025
195,195195,35,JAWA TIMUR,INDUSTRI KARET DAN PLASTIK,"0,01",2025-Q1,TRILIUN RUPIAH,2025
196,196196,35,JAWA TIMUR,INDUSTRI MINERAL NON LOGAM,"0,02",2025-Q1,TRILIUN RUPIAH,2025
197,197197,35,JAWA TIMUR,"INDUSTRI LOGAM DASAR, BARANG   LOGAM, BUKAN MESIN DAN PERALATANNYA","0,03",2025-Q1,TRILIUN RUPIAH,2025
198,198198,35,JAWA TIMUR,"INDUSTRI  MESIN, ELEKTRONIK, INSTRUMEN KEDOKTERAN,   PERALATAN LISTRIK, PRESISI, OPTIK DAN JAM","0,01",2025-Q1,TRILIUN RUPIAH,2025
199,199199,35,JAWA TIMUR,INDUSTRI KENDARAAN BERMOTOR DAN   ALAT TRANSPORTASI LAIN,"0,01",2025-Q1,TRILIUN RUPIAH,2025
200,200200,35,JAWA TIMUR,INDUSTRI LAINNYA,"0,02",2025-Q1,TRILIUN RUPIAH,2025
201,201201,35,JAWA TIMUR,"LISTRIK, GAS DAN AIR","0,01",2025-Q1,TRILIUN RUPIAH,2025
202,202202,35,JAWA TIMUR,KONSTRUKSI,"0,15",2025-Q1,TRILIUN RUPIAH,2025
203,203203,35,JAWA TIMUR,PERDAGANGAN DAN REPARASI,"0,57",2025-Q1,TRILIUN RUPIAH,2025
204,204204,35,JAWA TIMUR,HOTEL DAN RESTORAN,"0,76",2025-Q1,TRILIUN RUPIAH,2025
205,205205,35,JAWA TIMUR,"TRANSPORTASI, GUDANG DAN   TELEKOMUNIKASI","0,13",2025-Q1,TRILIUN RUPIAH,2025
206,206206,35,JAWA TIMUR,"PERUMAHAN, KAWASAN INDUSTRI DAN   PERKANTORAN","0,14",2025-Q1,TRILIUN RUPIAH,2025
207,207207,35,JAWA TIMUR,JASA LAINNYA,"1,10",2025-Q1,TRILIUN RUPIAH,2025
208,208208,35,JAWA TIMUR,"TANAMAN PANGAN, PERKEBUNAN, DAN   PETERNAKAN","0,07",2025-Q2,TRILIUN RUPIAH,2025
209,209209,35,JAWA TIMUR,KEHUTANAN,"0,01",2025-Q2,TRILIUN RUPIAH,2025
210,210210,35,JAWA TIMUR,PERIKANAN,"0,01",2025-Q2,TRILIUN RUPIAH,2025
211,211211,35,JAWA TIMUR,PERTAMBANGAN,"0,03",2025-Q2,TRILIUN RUPIAH,2025
212,212212,35,JAWA TIMUR,INDUSTRI MAKANAN,"0,11",2025-Q2,TRILIUN RUPIAH,2025
213,213213,35,JAWA TIMUR,INDUSTRI TEKSTIL,"0,01",2025-Q2,TRILIUN RUPIAH,2025
214,214214,35,JAWA TIMUR,INDUSTRI BARANG DARI KULIT DAN   ALAS KAKI,"0,00",2025-Q2,TRILIUN RUPIAH,2025
215,215215,35,JAWA TIMUR,INDUSTRI KAYU,"0,01",2025-Q2,TRILIUN RUPIAH,2025
216,216216,35,JAWA TIMUR,INDUSTRI KERTAS DAN PERCETAKAN,"0,02",2025-Q2,TRILIUN RUPIAH,2025
217,217217,35,JAWA TIMUR,INDUSTRI KIMIA DAN FARMASI,"0,02",2025-Q2,TRILIUN RUPIAH,2025
218,218218,35,JAWA TIMUR,INDUSTRI KARET DAN PLASTIK,"0,01",2025-Q2,TRILIUN RUPIAH,2025
219,219219,35,JAWA TIMUR,INDUSTRI MINERAL NON LOGAM,"0,02",2025-Q2,TRILIUN RUPIAH,2025
220,220220,35,JAWA TIMUR,"INDUSTRI LOGAM DASAR, BARANG   LOGAM, BUKAN MESIN DAN PERALATANNYA","0,03",2025-Q2,TRILIUN RUPIAH,2025
221,221221,35,JAWA TIMUR,"INDUSTRI  MESIN, ELEKTRONIK, INSTRUMEN KEDOKTERAN,   PERALATAN LISTRIK, PRESISI, OPTIK DAN JAM","0,01",2025-Q2,TRILIUN RUPIAH,2025
222,222222,35,JAWA TIMUR,INDUSTRI KENDARAAN BERMOTOR DAN   ALAT TRANSPORTASI LAIN,"0,01",2025-Q2,TRILIUN RUPIAH,2025
223,223223,35,JAWA TIMUR,INDUSTRI LAINNYA,"0,02",2025-Q2,TRILIUN RUPIAH,2025
224,224224,35,JAWA TIMUR,"LISTRIK, GAS DAN AIR","0,01",2025-Q2,TRILIUN RUPIAH,2025
225,225225,35,JAWA TIMUR,KONSTRUKSI,"0,15",2025-Q2,TRILIUN RUPIAH,2025
226,226226,35,JAWA TIMUR,PERDAGANGAN DAN REPARASI,"0,57",2025-Q2,TRILIUN RUPIAH,2025
227,227227,35,JAWA TIMUR,HOTEL DAN RESTORAN,"0,76",2025-Q2,TRILIUN RUPIAH,2025
228,228228,35,JAWA TIMUR,"TRANSPORTASI, GUDANG DAN   TELEKOMUNIKASI","0,13",2025-Q2,TRILIUN RUPIAH,2025
229,229229,35,JAWA TIMUR,"PERUMAHAN, KAWASAN INDUSTRI DAN   PERKANTORAN","0,14",2025-Q2,TRILIUN RUPIAH,2025
230,230230,35,JAWA TIMUR,JASA LAINNYA,"1,10",2025-Q2,TRILIUN RUPIAH,2025
